{
  "project_info": {
    "project_number": "42804973540",
    "project_id": "fir-signin-99022",
    "storage_bucket": "fir-signin-99022.appspot.com"
  },
  "client": [
    {
      "client_info": {
        "mobilesdk_app_id": "1:42804973540:android:5fb28778b35bb74512c1f1",
        "android_client_info": {
          "package_name": "com.example.firebase_signin_auth"
        }
      },
      "oauth_client": [
        {
          "client_id": "42804973540-ktpopnqmt1ilobqkv7to5j54rujau917.apps.googleusercontent.com",
          "client_type": 3
        }
      ],
      "api_key": [
        {
          "current_key": "AIzaSyC0rxk1hiIBg_QDnJNu9x2XtK5d5NPWU7k"
        }
      ],
      "services": {
        "appinvite_service": {
          "other_platform_oauth_client": [
            {
              "client_id": "42804973540-ktpopnqmt1ilobqkv7to5j54rujau917.apps.googleusercontent.com",
              "client_type": 3
            }
          ]
        }
      }
    }
  ],
  "configuration_version": "1"
}